id,title,score,num_comments,author,created_utc,url,over_18,edited,spoiler,stickied,topic,post_created_time
1jg2608,"Airbyte latest platform release, delivers Iceberg, Mappers, file transfers, and privacy controls for unlocking private data for public AI",7,0,micheltri,2025-03-20 22:53:24,https://www.reddit.com/r/dataengineering/comments/1jg2608/airbyte_latest_platform_release_delivers_iceberg/,False,False,False,False,dataengineering,2025-03-20 22:53:24
1jg1siz,Not a Fabric fan but holy shit!,37,6,kloomeh,2025-03-20 22:37:09,https://www.youtube.com/watch?v=ZjZlmrykpc0,False,False,False,False,dataengineering,2025-03-20 22:37:09
1jg1e9a,(Excitement post) I've been applying for jobs in Germany from the UK. Ive got callbacks for great companies!,15,10,Material_Direction_1,2025-03-20 22:20:03,https://www.reddit.com/r/dataengineering/comments/1jg1e9a/excitement_post_ive_been_applying_for_jobs_in/,False,False,False,False,dataengineering,2025-03-20 22:20:03
1jg0y7t,Palantir Foundry too slowÔºü Simple build take 30-60minsÔºü,18,16,190898505,2025-03-20 22:01:09,https://www.reddit.com/r/dataengineering/comments/1jg0y7t/palantir_foundry_too_slow_simple_build_take/,False,False,False,False,dataengineering,2025-03-20 22:01:09
1jg0y7h,"Feeling lost as a 3 yr EXP Data Engineer, no idea what to do next. Dire need of career advice,",17,11,IndicationEast3064,2025-03-20 22:01:08,https://www.reddit.com/r/dataengineering/comments/1jg0y7h/feeling_lost_as_a_3_yr_exp_data_engineer_no_idea/,False,False,False,False,dataengineering,2025-03-20 22:01:08
1jg0blz,Transferia: CDC & Ingestion Engine written in go,13,0,Temporary-Funny-1630,2025-03-20 21:34:19,https://github.com/transferia/transferia,False,False,False,False,dataengineering,2025-03-20 21:34:19
1jfzk72,optimizing SQL database for RAG?,2,0,BigCountry1227,2025-03-20 21:02:20,https://www.reddit.com/r/dataengineering/comments/1jfzk72/optimizing_sql_database_for_rag/,False,False,False,False,dataengineering,2025-03-20 21:02:20
1jfz0hx,Getting AWS jobs when I have Azure certifications.,0,3,Drrazor,2025-03-20 20:39:48,https://www.reddit.com/r/dataengineering/comments/1jfz0hx/getting_aws_jobs_when_i_have_azure_certifications/,False,False,False,False,dataengineering,2025-03-20 20:39:48
1jfyy8m,Confused whether to pursue data engineering or pivot to software role as a developer,0,1,Educational_Egg_5533,2025-03-20 20:37:06,https://www.reddit.com/r/dataengineering/comments/1jfyy8m/confused_whether_to_pursue_data_engineering_or/,False,False,False,False,dataengineering,2025-03-20 20:37:06
1jfy42p,Company wants us Azure Certified,7,8,fraiser3131,2025-03-20 20:03:05,https://www.reddit.com/r/dataengineering/comments/1jfy42p/company_wants_us_azure_certified/,False,False,False,False,dataengineering,2025-03-20 20:03:05
1jfxwvp,"What if I locally host a dockerized GH Actions Runner, register with labels indicating it‚Äôs mine, tag my pipelines to indicate they should run on my runner if I am the push author, and then stop paying GitHub for long expensive Terraform deployments?",17,3,DuckDatum,2025-03-20 19:54:57,https://www.reddit.com/r/dataengineering/comments/1jfxwvp/what_if_i_locally_host_a_dockerized_gh_actions/,False,False,False,False,dataengineering,2025-03-20 19:54:57
1jfxtef,Optimising scalable data retrieval using S3 + Cloudfront,3,1,gadgetboiii,2025-03-20 19:50:57,https://www.reddit.com/r/dataengineering/comments/1jfxtef/optimising_scalable_data_retrieval_using_s3/,False,False,False,False,dataengineering,2025-03-20 19:50:57
1jfxo6s,"Linkedin, Internships, and Cringe",0,4,popsicola13,2025-03-20 19:44:55,https://www.reddit.com/r/dataengineering/comments/1jfxo6s/linkedin_internships_and_cringe/,False,False,False,False,dataengineering,2025-03-20 19:44:55
1jfwyyn,Streaming to an Iceberg SCD2 table?,7,8,ArgenEgo,2025-03-20 19:15:37,https://www.reddit.com/r/dataengineering/comments/1jfwyyn/streaming_to_an_iceberg_scd2_table/,False,False,False,False,dataengineering,2025-03-20 19:15:37
1jfwnce,Help with dbt.this in Incremental Python Models (BigQuery with Hyphen in Project Name),0,1,LinasData,2025-03-20 19:02:24,https://www.reddit.com/r/dataengineering/comments/1jfwnce/help_with_dbtthis_in_incremental_python_models/,False,False,False,False,dataengineering,2025-03-20 19:02:24
1jfw93i,Noobie needs help,3,2,Equal_Many_6750,2025-03-20 18:46:24,https://www.reddit.com/r/dataengineering/comments/1jfw93i/noobie_needs_help/,False,False,False,False,dataengineering,2025-03-20 18:46:24
1jfu56i,Is this company a red flag?,21,9,nponticiello1,2025-03-20 17:19:15,https://www.reddit.com/r/dataengineering/comments/1jfu56i/is_this_company_a_red_flag/,False,False,False,False,dataengineering,2025-03-20 17:19:15
1jfu3ys,How Can I Improve My Tech Stack to Get More Offers?,3,3,Novel-Personality874,2025-03-20 17:17:53,https://www.reddit.com/r/dataengineering/comments/1jfu3ys/how_can_i_improve_my_tech_stack_to_get_more_offers/,False,False,False,False,dataengineering,2025-03-20 17:17:53
1jfthdr,My new job was misrepresented to me. I'm already looking for another after 3 weeks. [vent],0,17,paxmlank,2025-03-20 16:52:00,https://www.reddit.com/r/dataengineering/comments/1jfthdr/my_new_job_was_misrepresented_to_me_im_already/,False,False,False,False,dataengineering,2025-03-20 16:52:00
1jfsrqs,Rate My portfolio,4,4,aegln-ainrv,2025-03-20 16:21:51,https://www.reddit.com/r/dataengineering/comments/1jfsrqs/rate_my_portfolio/,False,False,False,False,dataengineering,2025-03-20 16:21:51
1jfsb99,Transitioning into Data Governance Without Prior Experience,8,4,110119110108,2025-03-20 16:02:36,https://www.reddit.com/r/dataengineering/comments/1jfsb99/transitioning_into_data_governance_without_prior/,False,False,False,False,dataengineering,2025-03-20 16:02:36
1jfrh50,How I Prepared for the DFS Group Data Engineering Manager (My Experience & Tips),1,6,Altruistic_Potato_67,2025-03-20 15:26:41,https://www.reddit.com/r/dataengineering/comments/1jfrh50/how_i_prepared_for_the_dfs_group_data_engineering/,False,False,False,False,dataengineering,2025-03-20 15:26:41
1jfr45k,SQL Dialect Translation Tools,2,4,sparsh_98,2025-03-20 15:10:37,https://www.reddit.com/r/dataengineering/comments/1jfr45k/sql_dialect_translation_tools/,False,False,False,False,dataengineering,2025-03-20 15:10:37
1jfqy9q,Can we tell spark that some of columns will have skew values?,2,0,Lolitsmekonichiwa,2025-03-20 15:03:22,https://www.reddit.com/r/dataengineering/comments/1jfqy9q/can_we_tell_spark_that_some_of_columns_will_have/,False,False,False,False,dataengineering,2025-03-20 15:03:22
1jfqukk,what could I use as a cost effective tool to import iceberg data into a postgre database?,9,9,Ldarieut,2025-03-20 14:59:00,https://www.reddit.com/r/dataengineering/comments/1jfqukk/what_could_i_use_as_a_cost_effective_tool_to/,False,False,False,False,dataengineering,2025-03-20 14:59:00
1jfqr30,EU - How dependent are we on US infra?,24,43,Ashamed_Cantaloupe_9,2025-03-20 14:54:41,https://www.reddit.com/r/dataengineering/comments/1jfqr30/eu_how_dependent_are_we_on_us_infra/,False,False,False,False,dataengineering,2025-03-20 14:54:41
1jfpwsd,Spark Connect Makes explain() Interactive: Debug Spark Jobs in Seconds,31,5,Vegetable_Home,2025-03-20 14:16:14,https://www.reddit.com/r/dataengineering/comments/1jfpwsd/spark_connect_makes_explain_interactive_debug/,False,False,False,False,dataengineering,2025-03-20 14:16:14
1jfp98a,Snowflake Dynamic tables adoption,5,4,vaosinbi,2025-03-20 13:45:40,https://www.reddit.com/r/dataengineering/comments/1jfp98a/snowflake_dynamic_tables_adoption/,False,False,False,False,dataengineering,2025-03-20 13:45:40
1jfohx1,"Data Engineers, how do you handle insights into unstructured data during migrations?",4,1,Embarrassed_Spend976,2025-03-20 13:07:50,https://www.reddit.com/r/dataengineering/comments/1jfohx1/data_engineers_how_do_you_handle_insights_into/,False,False,False,False,dataengineering,2025-03-20 13:07:50
1jfobzo,User feedback write back to DB,6,0,DigFun2503,2025-03-20 12:59:39,https://www.reddit.com/r/dataengineering/comments/1jfobzo/user_feedback_write_back_to_db/,False,False,False,False,dataengineering,2025-03-20 12:59:39
1jfobdr,Airflow and Dagster,8,2,Heyohz,2025-03-20 12:58:45,https://www.reddit.com/r/dataengineering/comments/1jfobdr/airflow_and_dagster/,False,False,False,False,dataengineering,2025-03-20 12:58:45
1jfng3k,Huge imposter syndrome at new job,40,23,atomic_lettuce_,2025-03-20 12:12:40,https://www.reddit.com/r/dataengineering/comments/1jfng3k/huge_imposter_syndrome_at_new_job/,False,False,False,False,dataengineering,2025-03-20 12:12:40
1jfm2bw,dbt Developer Day - cool updates coming,37,15,AndrewLucksFlipPhone,2025-03-20 10:47:36,https://www.getdbt.com/blog/dbt-developer-day-2025,False,False,False,False,dataengineering,2025-03-20 10:47:36
1jfj6s2,How Can a Data Engineer (MSc Student) Get Started with Open Source? üöÄ,11,8,StraightAd6421,2025-03-20 07:08:44,https://www.reddit.com/r/dataengineering/comments/1jfj6s2/how_can_a_data_engineer_msc_student_get_started/,False,False,False,False,dataengineering,2025-03-20 07:08:44
1jfj6hz,DDL support for Debezium JDBC connector 2.5.1,3,0,Pawan4286_,2025-03-20 07:08:07,https://www.reddit.com/r/dataengineering/comments/1jfj6hz/ddl_support_for_debezium_jdbc_connector_251/,False,False,False,False,dataengineering,2025-03-20 07:08:07
1jfj5lu,Advice for new learning,1,5,fracrif,2025-03-20 07:06:10,https://www.reddit.com/r/dataengineering/comments/1jfj5lu/advice_for_new_learning/,False,False,False,False,dataengineering,2025-03-20 07:06:10
1jfj52i,Airflow install,1,0,spiderman86865,2025-03-20 07:05:01,https://www.reddit.com/r/dataengineering/comments/1jfj52i/airflow_install/,False,False,False,False,dataengineering,2025-03-20 07:05:01
1jfiou5,dbt-osmosis bug?,2,0,Reasonable-Moose9882,2025-03-20 06:31:03,https://www.reddit.com/r/dataengineering/comments/1jfiou5/dbtosmosis_bug/,False,False,False,False,dataengineering,2025-03-20 06:31:03
1jfi7gc,Is 99.% CPU Utilization in AWS RDS Metrics a signal that my rds is going to crash soon?,3,1,Gold_Environment6248,2025-03-20 05:55:43,https://www.reddit.com/r/dataengineering/comments/1jfi7gc/is_99_cpu_utilization_in_aws_rds_metrics_a_signal/,False,False,False,False,dataengineering,2025-03-20 05:55:43
1jfhlik,How to get back to work after 4 years career break as Data Engineer?,0,2,Famous_Answer6402,2025-03-20 05:13:31,https://www.reddit.com/r/dataengineering/comments/1jfhlik/how_to_get_back_to_work_after_4_years_career/,False,False,False,False,dataengineering,2025-03-20 05:13:31
1jfh8zr,Do not use delta live tables‚Ä¶.,61,33,Ok-Security9722,2025-03-20 04:50:57,https://www.reddit.com/r/dataengineering/comments/1jfh8zr/do_not_use_delta_live_tables/,False,False,False,False,dataengineering,2025-03-20 04:50:57
1jfgqcp,Help with DAG data structure,6,8,KingMustardRace,2025-03-20 04:18:10,https://www.reddit.com/r/dataengineering/comments/1jfgqcp/help_with_dag_data_structure/,False,False,False,False,dataengineering,2025-03-20 04:18:10
1jfghgp,Need help with a pipeline architecture,3,3,OpportunityBrave6178,2025-03-20 04:03:26,https://www.reddit.com/r/dataengineering/comments/1jfghgp/need_help_with_a_pipeline_architecture/,False,False,False,False,dataengineering,2025-03-20 04:03:26
1jffu5j,Informatica cloud or Azure Data Factory?,2,3,Routine_Soil7562,2025-03-20 03:26:06,https://www.reddit.com/r/dataengineering/comments/1jffu5j/informatica_cloud_or_azure_data_factory/,False,False,False,False,dataengineering,2025-03-20 03:26:06
1jfdf89,"Looking for a ""Lovable no code"" equivalent for data engineering",0,6,yanks09champs,2025-03-20 01:20:56,https://www.reddit.com/r/dataengineering/comments/1jfdf89/looking_for_a_lovable_no_code_equivalent_for_data/,False,False,False,False,dataengineering,2025-03-20 01:20:56
1jfd233,"What‚Äôs driving your DWH compute costs? ETL, dashboards, or user queries?",20,23,PolicyDecent,2025-03-20 01:02:52,https://www.reddit.com/r/dataengineering/comments/1jfd233/whats_driving_your_dwh_compute_costs_etl/,False,False,False,False,dataengineering,2025-03-20 01:02:52
1jfbyje,"New job, how can I maximise exposure",5,2,No_Composer_5570,2025-03-20 00:09:31,https://www.reddit.com/r/dataengineering/comments/1jfbyje/new_job_how_can_i_maximise_exposure/,False,False,False,False,dataengineering,2025-03-20 00:09:31
1jg2rrn,21OO The Demon's Hand,0,0,SirWaite,2025-03-20 23:20:38,https://youtube.com/watch?v=Kx8-Yhirj0w&si=FOB_H0xt3T1iruI6,False,False,True,False,leagueoflegends,2025-03-20 23:20:38
1jg23g2,Pressed accept and never went to champ select,3,2,Imaginary-Toe-766,2025-03-20 22:50:12,https://www.reddit.com/r/leagueoflegends/comments/1jg23g2/pressed_accept_and_never_went_to_champ_select/,False,False,False,False,leagueoflegends,2025-03-20 22:50:12
1jg1y99,Iron 4 teammate,0,27,oldtrackstar,2025-03-20 22:43:58,https://www.reddit.com/r/leagueoflegends/comments/1jg1y99/iron_4_teammate/,False,False,False,False,leagueoflegends,2025-03-20 22:43:58
1jg1gxe,New player selecting role.,2,9,NefariousnessDeep736,2025-03-20 22:23:13,https://www.reddit.com/r/leagueoflegends/comments/1jg1gxe/new_player_selecting_role/,False,False,False,False,leagueoflegends,2025-03-20 22:23:13
1jg18tu,"Doublelift and Pobelter sit down with Travis to discuss their decision to move forward with Near Airport, how they plan to balance fun and competition, and what they hope to restore to NA esports",310,41,Tnomad,2025-03-20 22:13:29,https://www.youtube.com/watch?v=yDGB2XoZipM,False,False,False,False,leagueoflegends,2025-03-20 22:13:29
1jg13s9,Critical damage vs armor penetration,0,0,-RayZen,2025-03-20 22:07:35,https://www.reddit.com/r/leagueoflegends/comments/1jg13s9/critical_damage_vs_armor_penetration/,False,False,False,False,leagueoflegends,2025-03-20 22:07:35
1jg11nc,Is there any way to turn off account xp temporarily?,0,10,Butthole-man69,2025-03-20 22:05:08,https://www.reddit.com/r/leagueoflegends/comments/1jg11nc/is_there_any_way_to_turn_off_account_xp/,False,False,False,False,leagueoflegends,2025-03-20 22:05:08
1jg0h41,Riot‚Äôs Matchmaking is an Absolute Disaster,0,22,Tegkeee,2025-03-20 21:41:04,https://www.reddit.com/r/leagueoflegends/comments/1jg0h41/riots_matchmaking_is_an_absolute_disaster/,False,False,False,False,leagueoflegends,2025-03-20 21:41:04
1jg083h,Crazy queue times.,5,4,Zealousideal-Luck918,2025-03-20 21:30:25,https://www.reddit.com/r/leagueoflegends/comments/1jg083h/crazy_queue_times/,False,False,False,False,leagueoflegends,2025-03-20 21:30:25
1jg07hz,[PBE datamine] 2025 March 20: jungle Yorick revert and new Tank Engine augment,29,27,FrankTheBoxMonster,2025-03-20 21:29:39,https://www.reddit.com/r/leagueoflegends/comments/1jg07hz/pbe_datamine_2025_march_20_jungle_yorick_revert/,False,False,False,False,leagueoflegends,2025-03-20 21:29:39
1jfzpj8,Someone please help me,2,10,Hellish_wolf,2025-03-20 21:08:29,https://www.reddit.com/r/leagueoflegends/comments/1jfzpj8/someone_please_help_me/,False,False,False,False,leagueoflegends,2025-03-20 21:08:29
1jfzfsg,I love arena,3,1,AltruisticSet3785,2025-03-20 20:57:25,https://www.reddit.com/r/leagueoflegends/comments/1jfzfsg/i_love_arena/,False,False,False,False,leagueoflegends,2025-03-20 20:57:25
1jfz2cp,RP ace!,27,1,erik2463,2025-03-20 20:41:51,https://v.redd.it/0zpg9vuwowpe1,False,False,False,False,leagueoflegends,2025-03-20 20:41:51
1jfyyo3,what do different sigils do in lol balatro,0,3,altair_the_2,2025-03-20 20:37:36,https://www.reddit.com/r/leagueoflegends/comments/1jfyyo3/what_do_different_sigils_do_in_lol_balatro/,False,False,False,False,leagueoflegends,2025-03-20 20:37:36
1jfyogj,"Arena double ""killin' time"" Augment Ult     (video duration: 17 seconds)",30,1,jacknoyan,2025-03-20 20:25:56,https://v.redd.it/iga0r2gzlwpe1,False,False,False,False,leagueoflegends,2025-03-20 20:25:56
1jfymj6,The new card game feels way too tedious,0,10,Edgybananalord_xD,2025-03-20 20:23:45,https://www.reddit.com/r/leagueoflegends/comments/1jfymj6/the_new_card_game_feels_way_too_tedious/,False,False,False,False,leagueoflegends,2025-03-20 20:23:45
1jfyl0h,Loading screen after logging into PBE,2,0,decksio,2025-03-20 20:21:59,https://www.reddit.com/r/leagueoflegends/comments/1jfyl0h/loading_screen_after_logging_into_pbe/,False,False,False,False,leagueoflegends,2025-03-20 20:21:59
1jfyjzs,Los Heretics vs. Team Phantasma / EM 2025 Winter Playoffs - Quarter-Final / Post-Match Discussion,773,137,XanIrelia-1,2025-03-20 20:20:53,https://www.reddit.com/r/leagueoflegends/comments/1jfyjzs/los_heretics_vs_team_phantasma_em_2025_winter/,False,False,True,False,leagueoflegends,2025-03-20 20:20:53
1jfygha,Demoted in honor while no chat,0,9,Lazy_Ad8714,2025-03-20 20:16:57,https://www.reddit.com/r/leagueoflegends/comments/1jfygha/demoted_in_honor_while_no_chat/,False,False,False,False,leagueoflegends,2025-03-20 20:16:57
1jfy84y,When do EDG skins become available?,0,4,Accurate-Big9376,2025-03-20 20:07:29,https://www.reddit.com/r/leagueoflegends/comments/1jfy84y/when_do_edg_skins_become_available/,False,False,False,False,leagueoflegends,2025-03-20 20:07:29
1jfy68z,Los Ratones vs. Papara SuperMassive / EMEA Masters 2025 Winter - Quarterfinals / Post-Match Discussion,4593,845,Ultimintree,2025-03-20 20:05:30,https://www.reddit.com/r/leagueoflegends/comments/1jfy68z/los_ratones_vs_papara_supermassive_emea_masters/,False,False,True,False,leagueoflegends,2025-03-20 20:05:30
1jfvhq5,Getting out of Iron is the single most infuriating thing i‚Äôve ever experienced out of any ranked video game :(,0,21,AlphaSix_,2025-03-20 18:14:35,https://www.reddit.com/r/leagueoflegends/comments/1jfvhq5/getting_out_of_iron_is_the_single_most/,False,False,False,False,leagueoflegends,2025-03-20 18:14:35
1jfxj4g,Ici Japon Corp. vs. Geekay / EM 2025 Winter Playoffs - Quarter-Final / Post-Match Discussion,181,20,XanIrelia-1,2025-03-20 19:38:57,https://www.reddit.com/r/leagueoflegends/comments/1jfxj4g/ici_japon_corp_vs_geekay_em_2025_winter_playoffs/,False,False,True,False,leagueoflegends,2025-03-20 19:38:57
1jfx4bo,Mythic Shop question,2,3,lolzabro5,2025-03-20 19:21:50,https://www.reddit.com/r/leagueoflegends/comments/1jfx4bo/mythic_shop_question/,False,False,False,False,leagueoflegends,2025-03-20 19:21:50
1jfwvr5,Karmine Corp Blue vs. ZennIT / EM 2025 Winter Playoffs - Quarter-Final / Post-Match Discussion,292,18,XanIrelia-1,2025-03-20 19:12:02,https://www.reddit.com/r/leagueoflegends/comments/1jfwvr5/karmine_corp_blue_vs_zennit_em_2025_winter/,False,False,True,False,leagueoflegends,2025-03-20 19:12:02
1jfwvb1,Autofill protection removed?,0,0,UntouchedSpaghet,2025-03-20 19:11:31,https://www.reddit.com/r/leagueoflegends/comments/1jfwvb1/autofill_protection_removed/,False,False,False,False,leagueoflegends,2025-03-20 19:11:31
1jfwv2e,crafting dissapeared,0,0,LordVint,2025-03-20 19:11:14,https://www.reddit.com/r/leagueoflegends/comments/1jfwv2e/crafting_dissapeared/,False,False,False,False,leagueoflegends,2025-03-20 19:11:14
1jfwuf9,"Dyad Set 1467 DMG, Best Combo of Sigils? One Shot First Round Every Fight",0,9,Puzzleheaded-Grab-36,2025-03-20 19:10:31,https://www.reddit.com/r/leagueoflegends/comments/1jfwuf9/dyad_set_1467_dmg_best_combo_of_sigils_one_shot/,False,False,False,False,leagueoflegends,2025-03-20 19:10:31
1jfwlfu,Near Airport Announcement Video,1497,163,Alias135,2025-03-20 19:00:35,https://youtu.be/gaSWmiViV4U?si=yAhbvwucsQ1Kw8Fq,False,False,False,False,leagueoflegends,2025-03-20 19:00:35
1jfwjno,Gotta catch them all!,0,3,OHM2k1,2025-03-20 18:58:39,https://www.reddit.com/r/leagueoflegends/comments/1jfwjno/gotta_catch_them_all/,False,False,False,False,leagueoflegends,2025-03-20 18:58:39
1jfw1p8,Mon cosplay de Yone (White),3,4,ryuken_cosplay,2025-03-20 18:37:38,https://www.reddit.com/r/leagueoflegends/comments/1jfw1p8/mon_cosplay_de_yone_white/,False,False,False,False,leagueoflegends,2025-03-20 18:37:38
1jfvsms,The Changes to Yone's E are well deserved.,2233,464,Van-Poodie,2025-03-20 18:27:08,https://www.reddit.com/r/leagueoflegends/comments/1jfvsms/the_changes_to_yones_e_are_well_deserved/,False,False,False,False,leagueoflegends,2025-03-20 18:27:08
1jfvgfp,Most fun assassin,1,14,TrickMaximum9352,2025-03-20 18:13:05,https://www.reddit.com/r/leagueoflegends/comments/1jfvgfp/most_fun_assassin/,False,False,False,False,leagueoflegends,2025-03-20 18:13:05
1jfv28d,I think playing more roles is beneficial for improving as a player,32,8,TheBananaEater,2025-03-20 17:56:59,https://www.reddit.com/r/leagueoflegends/comments/1jfv28d/i_think_playing_more_roles_is_beneficial_for/,False,False,False,False,leagueoflegends,2025-03-20 17:56:59
1jfuzrg,Darius got 5 stacks in one spell,0,12,loup333,2025-03-20 17:54:06,https://www.reddit.com/r/leagueoflegends/comments/1jfuzrg/darius_got_5_stacks_in_one_spell/,False,False,False,False,leagueoflegends,2025-03-20 17:54:06
1jfuuzh,The GACHAFICATION of League of Legends,14,3,Snoo_30005,2025-03-20 17:48:47,https://www.youtube.com/watch?v=lSL-NLwgF3s,False,False,False,False,leagueoflegends,2025-03-20 17:48:47
1jfudbt,A Yone play I made,0,0,Lazy_Department_425,2025-03-20 17:28:42,https://m.twitch.tv/clip/EmpathicFastSproutRitzMitz-Zss01CLcEF3ATe-b,False,False,False,False,leagueoflegends,2025-03-20 17:28:42
1jfu85i,"I beat Your Shop, what skin to get?",0,31,SubtleSexPun,2025-03-20 17:22:38,https://www.reddit.com/r/leagueoflegends/comments/1jfu85i/i_beat_your_shop_what_skin_to_get/,False,False,False,False,leagueoflegends,2025-03-20 17:22:38
1jftx0x,"This new mini-game is quite good, I already did 3-4 playthroughs!",0,3,PickTheNick1,2025-03-20 17:10:00,https://youtu.be/8BYM2kBJ8DI,False,False,False,False,leagueoflegends,2025-03-20 17:10:00
1jftv31,The Demon hand,3,2,Blayilt,2025-03-20 17:07:46,https://www.reddit.com/r/leagueoflegends/comments/1jftv31/the_demon_hand/,False,False,False,False,leagueoflegends,2025-03-20 17:07:46
1jftux7,How does your 10 swift play matches affect your unranked placement?,0,6,nppp-000,2025-03-20 17:07:37,https://www.reddit.com/r/leagueoflegends/comments/1jftux7/how_does_your_10_swift_play_matches_affect_your/,False,False,False,False,leagueoflegends,2025-03-20 17:07:37
1jfrvxi,Create a team comp / rate a team comp,1,1,liberalchickenwing,2025-03-20 15:44:24,https://www.reddit.com/r/leagueoflegends/comments/1jfrvxi/create_a_team_comp_rate_a_team_comp/,False,False,False,False,leagueoflegends,2025-03-20 15:44:24
1jftijf,Is there a chance Arcane Survivor Jayce will come back?,2,6,Medium_Geologist3917,2025-03-20 16:53:26,https://www.reddit.com/r/leagueoflegends/comments/1jftijf/is_there_a_chance_arcane_survivor_jayce_will_come/,False,False,False,False,leagueoflegends,2025-03-20 16:53:26
1jfte09,Gwen Changes Feel Random,0,8,BoysenberryFlat6558,2025-03-20 16:48:00,https://www.reddit.com/r/leagueoflegends/comments/1jfte09/gwen_changes_feel_random/,False,False,False,False,leagueoflegends,2025-03-20 16:48:00
1jftcro,I hope we see a new ADC with some of Graves' old kit.,2,8,Doctor_Mythical,2025-03-20 16:46:35,https://www.reddit.com/r/leagueoflegends/comments/1jftcro/i_hope_we_see_a_new_adc_with_some_of_graves_old/,False,False,False,False,leagueoflegends,2025-03-20 16:46:35
1jft4ea,About SuperMassive team and INTERVIEW with they head coach,5,1,Time-Parsley-5212,2025-03-20 16:36:44,/r/PedroPeepos/comments/1jfrx72/about_supermassive_team_and_interview_with_they/,False,False,False,False,leagueoflegends,2025-03-20 16:36:44
1jfsugn,Excuse me what ??? 20 hours of ingame time for a chest. not to mention you have to stay positive and make sure not to type 1 thing wrong or you will not get progress. i am guessing everyone is about honor level 3 at this moment.,0,9,Street-Ad983,2025-03-20 16:25:05,https://www.reddit.com/r/leagueoflegends/comments/1jfsugn/excuse_me_what_20_hours_of_ingame_time_for_a/,False,False,False,False,leagueoflegends,2025-03-20 16:25:05
1jfq5dk,The Demon's Hand - Huge Damage,0,1,tobiasboonbr,2025-03-20 14:27:16,https://www.reddit.com/r/leagueoflegends/comments/1jfq5dk/the_demons_hand_huge_damage/,False,False,False,False,leagueoflegends,2025-03-20 14:27:16
1jfrdgv,My quit moment,0,8,NexisVIX,2025-03-20 15:22:12,https://www.reddit.com/r/leagueoflegends/comments/1jfrdgv/my_quit_moment/,False,False,False,False,leagueoflegends,2025-03-20 15:22:12
1jfrxrd,Is Vancouver Amumu Rare?,0,3,Howdoibuycrypto,2025-03-20 15:46:33,https://www.reddit.com/r/leagueoflegends/comments/1jfrxrd/is_vancouver_amumu_rare/,False,False,False,False,leagueoflegends,2025-03-20 15:46:33
1jfshzx,"I thought 4 levels ahead as a late game ADC was enough, I'm quitting.",0,29,None,2025-03-20 16:10:29,https://v.redd.it/oilzuitiavpe1,False,False,False,False,leagueoflegends,2025-03-20 16:10:29
1jfsgim,"Stromae, Pomme - ‚ÄúMa Meilleure Ennemie‚Äù (from Arcane Season 2) [Official...",1872,85,Catennator,2025-03-20 16:08:47,https://youtube.com/watch?v=j-RpvIuazmc&si=__bTFzOxekwF4oc9,False,False,False,False,leagueoflegends,2025-03-20 16:08:47
1jfsf9n,Unlimited Healing,0,1,Shubham06154,2025-03-20 16:07:17,https://v.redd.it/so48ha9sbvpe1,False,False,False,False,leagueoflegends,2025-03-20 16:07:17
1jfruv0,I was just playing ranked and the game deleted itself,1,3,GragorBomba,2025-03-20 15:43:10,https://www.reddit.com/r/leagueoflegends/comments/1jfruv0/i_was_just_playing_ranked_and_the_game_deleted/,False,False,False,False,leagueoflegends,2025-03-20 15:43:10
1jfrlls,T1 Roster Timeline and the Guma Situation,0,28,Ok-Macaron9815,2025-03-20 15:31:54,https://www.reddit.com/r/leagueoflegends/comments/1jfrlls/t1_roster_timeline_and_the_guma_situation/,False,False,False,False,leagueoflegends,2025-03-20 15:31:54
1jfrkjz,The Demon's hand-easy method/walkthrough-YouTube guide,6,6,bit2muchsoup,2025-03-20 15:30:45,https://www.reddit.com/r/leagueoflegends/comments/1jfrkjz/the_demons_handeasy_methodwalkthroughyoutube_guide/,False,False,False,False,leagueoflegends,2025-03-20 15:30:45
1jfrbsl,Bruiser items in Arena could do with a bit of love,0,0,SpookyImmobilisedToe,2025-03-20 15:20:06,https://www.reddit.com/r/leagueoflegends/comments/1jfrbsl/bruiser_items_in_arena_could_do_with_a_bit_of_love/,False,False,False,False,leagueoflegends,2025-03-20 15:20:06
1jfr6xy,demon hand jailed fun,3,5,Mr277353,2025-03-20 15:14:05,https://www.reddit.com/r/leagueoflegends/comments/1jfr6xy/demon_hand_jailed_fun/,False,False,False,False,leagueoflegends,2025-03-20 15:14:05
1jfr5qc,"The Pacific Coliseum will host MSI in Vancouver, June 27-July 12. (Same venue as the 2017 LCS Spring Finals)",463,61,OrangeRigby,2025-03-20 15:12:38,https://lolesports.com/en-GB/news/announcing-the-msi-2025-venue,False,False,False,False,leagueoflegends,2025-03-20 15:12:38
1jfr5p5,League of Legends Schizophrenia With Pulp,0,0,Redrum1065,2025-03-20 15:12:35,https://youtu.be/qTw9llJ4rV4,False,False,False,False,leagueoflegends,2025-03-20 15:12:35
1jfr48o,"""grinding"" honor level 5 in the new system: my experience and some advise",9,4,Hiperion53,2025-03-20 15:10:43,https://www.reddit.com/r/leagueoflegends/comments/1jfr48o/grinding_honor_level_5_in_the_new_system_my/,False,False,False,False,leagueoflegends,2025-03-20 15:10:43
1jfqxp2,I made an automatic recorder that doesn't use Overwolf!,564,149,jpit10,2025-03-20 15:02:39,https://www.reddit.com/r/leagueoflegends/comments/1jfqxp2/i_made_an_automatic_recorder_that_doesnt_use/,False,False,False,False,leagueoflegends,2025-03-20 15:02:39
1jfqhio,"Chasy and Gori set to join ULF Esports, TCL team",60,14,Lyota,2025-03-20 14:42:35,https://www.reddit.com/r/leagueoflegends/comments/1jfqhio/chasy_and_gori_set_to_join_ulf_esports_tcl_team/,False,False,False,False,leagueoflegends,2025-03-20 14:42:35
1jfqe9w,Joraal needs to be added into the game,0,5,Moon_TM_,2025-03-20 14:38:23,https://www.reddit.com/r/leagueoflegends/comments/1jfqe9w/joraal_needs_to_be_added_into_the_game/,False,False,False,False,leagueoflegends,2025-03-20 14:38:23
1jfqbku,How am i always so far behind in CS?,0,37,UJVRs_Nan,2025-03-20 14:35:00,https://www.reddit.com/r/leagueoflegends/comments/1jfqbku/how_am_i_always_so_far_behind_in_cs/,False,False,False,False,leagueoflegends,2025-03-20 14:35:00
1jfqbjc,I Finally Did It! From Iron to Gold 4 in Just Six Months!,90,47,Am843,2025-03-20 14:34:57,https://www.reddit.com/r/leagueoflegends/comments/1jfqbjc/i_finally_did_it_from_iron_to_gold_4_in_just_six/,False,False,False,False,leagueoflegends,2025-03-20 14:34:57
1jfq4sb,Just Starting Out,0,1,According_Radio_3306,2025-03-20 14:26:31,/r/gangplankmains/comments/1jfo7u4/just_starting_out/,False,False,False,False,leagueoflegends,2025-03-20 14:26:31
1jfpycd,"What is the most ""this is hopeless"" final boss champion when fed?",306,381,Timely-Inflation4290,2025-03-20 14:18:15,https://www.reddit.com/r/leagueoflegends/comments/1jfpycd/what_is_the_most_this_is_hopeless_final_boss/,False,False,False,False,leagueoflegends,2025-03-20 14:18:15
1jfp3c1,If you will hear this track in the LOL what impression did you have?,0,3,razvanbecker,2025-03-20 13:37:49,https://www.youtube.com/watch?v=NvC6jNGwT_Y,False,False,False,False,leagueoflegends,2025-03-20 13:37:49
1jfox3p,"Mastery emote no longer shows eternals, again?",7,6,the_eggsecutioner,2025-03-20 13:29:03,https://www.reddit.com/r/leagueoflegends/comments/1jfox3p/mastery_emote_no_longer_shows_eternals_again/,False,False,False,False,leagueoflegends,2025-03-20 13:29:03
1jfotmm,Riots Anti-AFK/Anti-Leave system feels way too harsh to me at the moment for casual players who only have PC/Internet issues.,0,15,Koerv,2025-03-20 13:24:18,https://www.reddit.com/r/leagueoflegends/comments/1jfotmm/riots_antiafkantileave_system_feels_way_too_harsh/,False,False,False,False,leagueoflegends,2025-03-20 13:24:18
1jfoqq9,My unluckiest luckiest hand,2,1,TheAnnoyingTyrant,2025-03-20 13:20:20,https://www.reddit.com/r/leagueoflegends/comments/1jfoqq9/my_unluckiest_luckiest_hand/,False,False,False,False,leagueoflegends,2025-03-20 13:20:20
1jfof0w,whats that thing next to the nickname?,0,7,hardraade1,2025-03-20 13:03:38,https://www.reddit.com/r/leagueoflegends/comments/1jfof0w/whats_that_thing_next_to_the_nickname/,False,False,False,False,leagueoflegends,2025-03-20 13:03:38
1jfnuod,Data of 5th matches winner that the score went 2-0 to 2-2,0,2,Antique_Ad1706,2025-03-20 12:33:46,https://www.reddit.com/r/leagueoflegends/comments/1jfnuod/data_of_5th_matches_winner_that_the_score_went_20/,False,False,False,False,leagueoflegends,2025-03-20 12:33:46
1jfo7al,If it better to ban a broken champ from enemy or a useless champ from your team?,0,8,KDondakeC,2025-03-20 12:52:48,https://www.reddit.com/r/leagueoflegends/comments/1jfo7al/if_it_better_to_ban_a_broken_champ_from_enemy_or/,False,False,False,False,leagueoflegends,2025-03-20 12:52:48
1jfnxe8,How did I proc Sundered Sky twice here ?,0,19,PleutreLoL,2025-03-20 12:38:05,https://v.redd.it/vfet85h6aupe1,False,False,False,False,leagueoflegends,2025-03-20 12:38:05
1jfixq6,Way better mini-game than Jinx one to find stuff around,0,0,ins0litum,2025-03-20 06:49:50,https://www.reddit.com/r/leagueoflegends/comments/1jfixq6/way_better_minigame_than_jinx_one_to_find_stuff/,False,False,False,False,leagueoflegends,2025-03-20 06:49:50
1jfncu7,The Demon's Hand - Unlocking Sigils,62,43,JelleV1996,2025-03-20 12:07:25,https://www.reddit.com/r/leagueoflegends/comments/1jfncu7/the_demons_hand_unlocking_sigils/,False,False,False,False,leagueoflegends,2025-03-20 12:07:25
1jfn8u3,Symbiotic Soles should grant the Empowered Recall only after upgraded,0,7,OperationsRumble,2025-03-20 12:01:13,https://www.reddit.com/r/leagueoflegends/comments/1jfn8u3/symbiotic_soles_should_grant_the_empowered_recall/,False,False,False,False,leagueoflegends,2025-03-20 12:01:13
1jfmqpz,Super Galaxy Rumble Needs Chroma,0,4,Particular_Bike_150,2025-03-20 11:31:15,https://www.reddit.com/r/leagueoflegends/comments/1jfmqpz/super_galaxy_rumble_needs_chroma/,False,False,False,False,leagueoflegends,2025-03-20 11:31:15
1jfmp2m,The new mini game is so fun.,0,1,Jealous_Challenge_54,2025-03-20 11:28:21,https://www.reddit.com/r/leagueoflegends/comments/1jfmp2m/the_new_mini_game_is_so_fun/,False,False,False,False,leagueoflegends,2025-03-20 11:28:21
1jfmapw,"What's your favourite MID LANE off meta pick, that's actually viable? Write your elo as well",0,88,AlfatherBKK,2025-03-20 11:02:58,https://www.reddit.com/r/leagueoflegends/comments/1jfmapw/whats_your_favourite_mid_lane_off_meta_pick_thats/,False,False,False,False,leagueoflegends,2025-03-20 11:02:58
1jfm81o,normal draft/blind summoner's rift,0,2,Solid_Instruction837,2025-03-20 10:58:32,https://www.reddit.com/r/leagueoflegends/comments/1jfm81o/normal_draftblind_summoners_rift/,False,False,False,False,leagueoflegends,2025-03-20 10:58:32
1jflqw0,Riot Games should add better report feedback like this in League of Legends,0,3,kawkanorbert,2025-03-20 10:25:30,https://www.reddit.com/r/leagueoflegends/comments/1jflqw0/riot_games_should_add_better_report_feedback_like/,False,False,False,False,leagueoflegends,2025-03-20 10:25:30
1jflou3,Why does Pyke get banned so much in high elo?,0,17,KarlKraftwagen,2025-03-20 10:21:28,https://www.reddit.com/r/leagueoflegends/comments/1jflou3/why_does_pyke_get_banned_so_much_in_high_elo/,False,False,False,False,leagueoflegends,2025-03-20 10:21:28
1jflk30,Taric and braum,1,5,ZookeepergameHot923,2025-03-20 10:12:14,https://www.reddit.com/r/leagueoflegends/comments/1jflk30/taric_and_braum/,False,False,False,False,leagueoflegends,2025-03-20 10:12:14
1jfljty,"They are intentionally teasing sub-par skins, and removing hex tech chests, as a marketing strategy",0,11,yepsweetsoundsgood,2025-03-20 10:11:47,https://www.reddit.com/r/leagueoflegends/comments/1jfljty/they_are_intentionally_teasing_subpar_skins_and/,False,False,False,False,leagueoflegends,2025-03-20 10:11:47
1jflggb,When the music forces you to lock the fuck in and outplay (I lost the game),386,66,Ieditstuffforfun,2025-03-20 10:05:18,https://v.redd.it/fo523me5jtpe1,False,False,False,False,leagueoflegends,2025-03-20 10:05:18
1jfl178,"For the sake of hating, the past changes are awesome",50,17,Illustrious_Cell_922,2025-03-20 09:34:57,https://www.reddit.com/r/leagueoflegends/comments/1jfl178/for_the_sake_of_hating_the_past_changes_are/,False,False,False,False,leagueoflegends,2025-03-20 09:34:57
1jfl07y,I'm losing my mind,0,33,Solaire_1323,2025-03-20 09:32:48,https://www.reddit.com/r/leagueoflegends/comments/1jfl07y/im_losing_my_mind/,False,False,False,False,leagueoflegends,2025-03-20 09:32:48
1jfkyzb,High ping only in league,2,16,Big-Sugar74,2025-03-20 09:30:19,https://www.reddit.com/r/leagueoflegends/comments/1jfkyzb/high_ping_only_in_league/,False,False,False,False,leagueoflegends,2025-03-20 09:30:19
1jfkor2,"See, the new Shaco Skin is something I'd pay $250 for.",0,9,TheAranDude,2025-03-20 09:08:41,https://www.reddit.com/r/leagueoflegends/comments/1jfkor2/see_the_new_shaco_skin_is_something_id_pay_250_for/,False,False,False,False,leagueoflegends,2025-03-20 09:08:41
1jfk3fp,Demons hand wallpaper,3,0,cseplogep,2025-03-20 08:21:04,https://www.reddit.com/r/leagueoflegends/comments/1jfk3fp/demons_hand_wallpaper/,False,False,False,False,leagueoflegends,2025-03-20 08:21:04
1jfjs0m,Caedrel and Kamet0 lift the EMEA Masters to new heights at the Winter 2025 Group Stage,706,96,EtoileDuSoir,2025-03-20 07:55:37,https://escharts.com/news/emea-masters-winters-2025-group-pv-record,False,False,False,False,leagueoflegends,2025-03-20 07:55:37
1jfjjpe,Bruisers got sucked.,0,10,None,2025-03-20 07:36:57,https://www.reddit.com/r/leagueoflegends/comments/1jfjjpe/bruisers_got_sucked/,False,False,False,False,leagueoflegends,2025-03-20 07:36:57
1jfje60,"So I just only hit masters for the first time, got some questions",0,6,imagoodcitizen007,2025-03-20 07:24:37,https://www.reddit.com/r/leagueoflegends/comments/1jfje60/so_i_just_only_hit_masters_for_the_first_time_got/,False,False,False,False,leagueoflegends,2025-03-20 07:24:37
1jfjcrz,First Alphelious Penta kill :D,3,0,jackgame123,2025-03-20 07:21:38,https://v.redd.it/qdqop86vpspe1,False,False,False,False,leagueoflegends,2025-03-20 07:21:38
1jfixum,Mod Skin LoL AinzSkin 15.6 Kayn Academia de Combate #leagueoflegends,0,2,Ok_Sink_6308,2025-03-20 06:50:04,https://youtube.com/shorts/0fILw8DpDYg?si=1nnABZhKe5bQpKdI,False,False,False,False,leagueoflegends,2025-03-20 06:50:04
1jfiq3g,What ever happened to these resource bars?,569,90,FishieUwU,2025-03-20 06:33:43,https://youtu.be/xWTEIeOfuw0,False,False,False,False,leagueoflegends,2025-03-20 06:33:43
1jfifo2,What i would want Silco to look like if they made him a champ in league,3,9,aceofpops,2025-03-20 06:12:25,https://www.reddit.com/r/leagueoflegends/comments/1jfifo2/what_i_would_want_silco_to_look_like_if_they_made/,False,False,False,False,leagueoflegends,2025-03-20 06:12:25
1jfia7p,"RiotPhroxzon's Insights on Demon's Hand, 25.06 Naafiri/Gwen Micropatch, and Arena",147,107,JTHousek1,2025-03-20 06:01:16,https://www.reddit.com/r/leagueoflegends/comments/1jfia7p/riotphroxzons_insights_on_demons_hand_2506/,False,False,False,False,leagueoflegends,2025-03-20 06:01:16
1jfi1j5,Just Beat the New Card Game,0,8,DestPestoDud,2025-03-20 05:43:59,https://www.reddit.com/r/leagueoflegends/comments/1jfi1j5/just_beat_the_new_card_game/,False,False,False,False,leagueoflegends,2025-03-20 05:43:59
1jfi004,New name icon?,0,4,lBainazz,2025-03-20 05:40:57,https://www.reddit.com/r/leagueoflegends/comments/1jfi004/new_name_icon/,False,False,False,False,leagueoflegends,2025-03-20 05:40:57
1jfhsno,Honor and Arena,2,13,Crnogoraac,2025-03-20 05:27:00,https://www.reddit.com/r/leagueoflegends/comments/1jfhsno/honor_and_arena/,False,False,False,False,leagueoflegends,2025-03-20 05:27:00
1jfhmeh,"Queue times are 20-30 minutes for swiftplay and normal draft mode, is league really that dead now?",0,24,BagSmooth3503,2025-03-20 05:15:13,https://www.reddit.com/r/leagueoflegends/comments/1jfhmeh/queue_times_are_2030_minutes_for_swiftplay_and/,False,False,False,False,leagueoflegends,2025-03-20 05:15:13
1jfhebs,The Demon's Hand is a roguelike card mini-game in LoL‚Äîand it's playable now,1225,228,Accomplished-Mix-67,2025-03-20 05:00:40,https://www.destructoid.com/the-demons-hand-is-a-roguelike-card-mini-game-in-lol-and-its-playable-now/,False,False,False,False,leagueoflegends,2025-03-20 05:00:40
1jfh95r,What is wrong with spearshot's map?? It looks so offputting to watch his stream,0,10,user67885433,2025-03-20 04:51:15,https://www.reddit.com/r/leagueoflegends/comments/1jfh95r/what_is_wrong_with_spearshots_map_it_looks_so/,False,False,False,False,leagueoflegends,2025-03-20 04:51:15
1jfgznl,HLE is very fun to have as the current top team in the world,0,21,Dakoolestkat123,2025-03-20 04:34:12,https://www.reddit.com/r/leagueoflegends/comments/1jfgznl/hle_is_very_fun_to_have_as_the_current_top_team/,False,False,False,False,leagueoflegends,2025-03-20 04:34:12
1jfgy62,"Hard mode beaten yay, whats your highest damage and have you failed yet?",1,7,Koalazocker,2025-03-20 04:31:31,https://www.reddit.com/r/leagueoflegends/comments/1jfgy62/hard_mode_beaten_yay_whats_your_highest_damage/,False,False,False,False,leagueoflegends,2025-03-20 04:31:31
1jffo9u,PSA: The Mac client now gives the option to use Metal instead of OpenGL for graphics.,1,2,BlueFrozenSoul,2025-03-20 03:17:26,https://www.reddit.com/r/leagueoflegends/comments/1jffo9u/psa_the_mac_client_now_gives_the_option_to_use/,False,False,False,False,leagueoflegends,2025-03-20 03:17:26
1jfgqjl,Enemy team was impressed by my clean nunu escape,13,5,LOLxReddit,2025-03-20 04:18:27,https://v.redd.it/spi5gws0trpe1,False,False,False,False,leagueoflegends,2025-03-20 04:18:27
1jfgnkd,Would you have trouble telling that these are supposed to be the same character?,0,18,DeadAndBuried23,2025-03-20 04:13:30,https://www.reddit.com/r/leagueoflegends/comments/1jfgnkd/would_you_have_trouble_telling_that_these_are/,False,False,False,False,leagueoflegends,2025-03-20 04:13:30
1jfgm6f,"[Paul Arriv√©, L'√âquipe] Caliste, au niveau de sa hype? (Caliste, living up to his hype? ‚Äì French, no English subtitles)",0,1,SantosPhillipCarlo,2025-03-20 04:11:08,https://www.youtube.com/watch?v=urCe25wdQ1s,False,False,False,False,leagueoflegends,2025-03-20 04:11:08
1jfgl6r,"Pengu's skinline ""Garen"" the longest running skin line in league?",173,4,The_Data_Doc,2025-03-20 04:09:27,https://www.reddit.com/r/leagueoflegends/comments/1jfgl6r/pengus_skinline_garen_the_longest_running_skin/,False,False,False,False,leagueoflegends,2025-03-20 04:09:27
1jfg9db,I earned my first pentakill!,20,2,VesuviusForge,2025-03-20 03:50:32,https://v.redd.it/3e30mzijorpe1,False,False,False,False,leagueoflegends,2025-03-20 03:50:32
1jfg954,New league minigame is just Balatro,0,1,DefinitelyNotNep,2025-03-20 03:50:10,https://www.reddit.com/r/leagueoflegends/comments/1jfg954/new_league_minigame_is_just_balatro/,False,False,False,False,leagueoflegends,2025-03-20 03:50:10
1jfg2gw,"Fixed Masteries, Thank you!",0,2,MyCuznsDumpTruck,2025-03-20 03:39:05,https://www.reddit.com/r/leagueoflegends/comments/1jfg2gw/fixed_masteries_thank_you/,False,False,False,False,leagueoflegends,2025-03-20 03:39:05
1jffv8p,"It's funny how ""You're a dog"" has become the workaround to verbal abuse in league",0,15,sohoships,2025-03-20 03:27:49,https://www.reddit.com/r/leagueoflegends/comments/1jffv8p/its_funny_how_youre_a_dog_has_become_the/,False,False,False,False,leagueoflegends,2025-03-20 03:27:49
1jfeexm,How is everyone liking the new deck game in client? Whats your build?,1,3,Ziggypopx,2025-03-20 02:10:18,https://www.reddit.com/r/leagueoflegends/comments/1jfeexm/how_is_everyone_liking_the_new_deck_game_in/,False,False,True,False,leagueoflegends,2025-03-20 02:10:18
1jfdsxq,Where is Tibbaulk in the event???,0,1,LPO_Tableaux,2025-03-20 01:39:39,https://www.reddit.com/r/leagueoflegends/comments/1jfdsxq/where_is_tibbaulk_in_the_event/,False,False,False,False,leagueoflegends,2025-03-20 01:39:39
1jfdq2l,New Mastery Icons,6,5,AzelusArts,2025-03-20 01:35:40,https://www.reddit.com/r/leagueoflegends/comments/1jfdq2l/new_mastery_icons/,False,False,False,False,leagueoflegends,2025-03-20 01:35:40
1jfd9me,File Sizes of all League of Legends champions,0,6,Apprehensive_Hat7228,2025-03-20 01:13:25,https://www.reddit.com/r/leagueoflegends/comments/1jfd9me/file_sizes_of_all_league_of_legends_champions/,False,False,False,False,leagueoflegends,2025-03-20 01:13:25
1jfcois,Borders costing $12 is a scam. There should be separate bundle tiers.,52,36,kittyrules2003,2025-03-20 00:44:38,https://www.reddit.com/r/leagueoflegends/comments/1jfcois/borders_costing_12_is_a_scam_there_should_be/,False,False,False,False,leagueoflegends,2025-03-20 00:44:38
1jfcabs,Best Aram 1V1 Chamption - First blood / Top CS under 10 mins / First tower,0,9,hanmasry,2025-03-20 00:25:23,https://www.reddit.com/r/leagueoflegends/comments/1jfcabs/best_aram_1v1_chamption_first_blood_top_cs_under/,False,False,False,False,leagueoflegends,2025-03-20 00:25:23
1jfc88z,Mythic shop not updated?,2,25,ItsBrann,2025-03-20 00:22:33,https://www.reddit.com/r/leagueoflegends/comments/1jfc88z/mythic_shop_not_updated/,False,False,False,False,leagueoflegends,2025-03-20 00:22:33
1jfc08l,I'm getting into LoL for the first time anything I should know??,1,12,Salt_Guarantee_4580,2025-03-20 00:11:42,https://www.reddit.com/r/leagueoflegends/comments/1jfc08l/im_getting_into_lol_for_the_first_time_anything_i/,False,False,False,False,leagueoflegends,2025-03-20 00:11:42
1jfrdmr,Databricks Tutorials End to End,17,3,Complex_Revolution67,2025-03-20 15:22:26,https://www.reddit.com/r/databricks/comments/1jfrdmr/databricks_tutorials_end_to_end/,False,False,False,False,databricks,2025-03-20 15:22:26
1jfpyas,Job execution intermittent failing,4,4,Terrible_Mud5318,2025-03-20 14:18:12,https://www.reddit.com/r/databricks/comments/1jfpyas/job_execution_intermittent_failing/,False,False,False,False,databricks,2025-03-20 14:18:12
1jfls34,When will ABAC (Attribute-Based Access Control) be available in Databricks?,11,5,ealix4,2025-03-20 10:27:48,https://www.reddit.com/r/databricks/comments/1jfls34/when_will_abac_attributebased_access_control_be/,False,False,False,False,databricks,2025-03-20 10:27:48
1jfhx8c,Need Help Migrating Databricks from AWS to Azure,4,16,Moral-Vigilante,2025-03-20 05:35:27,https://www.reddit.com/r/databricks/comments/1jfhx8c/need_help_migrating_databricks_from_aws_to_azure/,False,False,False,False,databricks,2025-03-20 05:35:27
